{
  "phases": {
    "Phase 1: Backend Setup (Weeks 1-2)": [
      "Set up FastAPI project structure",
      "Configure Neo4j connection with neo4j-graphrag",
      "Create API endpoints for graph data retrieval",
      "Implement authentication and rate limiting",
      "Set up data transformation layer for frontend consumption"
    ],
    "Phase 2: Frontend Foundation (Weeks 2-3)": [
      "Initialize React/Vue.js project with D3.js",
      "Create responsive layout with sidebar and main graph area",
      "Implement basic graph rendering with force-directed layout",
      "Add zoom, pan, and basic interaction controls",
      "Integrate color palette and design system"
    ],
    "Phase 3: Core Visualization (Weeks 3-4)": [
      "Implement cluster-focused visualization",
      "Add node filtering and search functionality",
      "Create dynamic node sizing based on importance",
      "Implement edge bundling for cleaner visualization",
      "Add tooltip system for node details"
    ],
    "Phase 4: Advanced Features (Weeks 4-5)": [
      "Add semantic search integration",
      "Implement topic-based filtering",
      "Create temporal visualization for episode progression",
      "Add export/sharing capabilities",
      "Optimize performance for large datasets"
    ],
    "Phase 5: Polish & Deployment (Week 6)": [
      "Comprehensive testing and bug fixes",
      "Performance optimization",
      "Documentation and user guide",
      "Production deployment setup",
      "Analytics and monitoring integration"
    ]
  },
  "key_technologies": {
    "Backend": [
      "FastAPI",
      "Neo4j",
      "neo4j-graphrag",
      "Pydantic",
      "Uvicorn"
    ],
    "Frontend": [
      "React/Vue.js",
      "D3.js",
      "TypeScript",
      "Tailwind CSS",
      "Vite"
    ],
    "Visualization": [
      "D3-force",
      "D3-zoom",
      "D3-selection",
      "WebGL (if needed)"
    ],
    "Additional": [
      "Docker",
      "Redis (caching)",
      "WebSockets (real-time updates)"
    ]
  }
}