Component,Color_Hex,RGB,Usage,Accessibility
Primary Clusters,#2196F3,"rgb(33, 150, 243)",Main topic clusters - most prominent groupings,WCAG AA compliant on dark background
Secondary Clusters,#4CAF50,"rgb(76, 175, 80)",Sub-clusters and related topics,High contrast against dark background
Episode Nodes,#FF9800,"rgb(255, 152, 0)",Podcast episode nodes - entry points,Sufficient contrast for readability
Entity Nodes,#9C27B0,"rgb(156, 39, 176)","People, organizations, concepts mentioned",Good distinction from other colors
Insight Nodes,#F44336,"rgb(244, 67, 54)",Key takeaways and extracted insights,Clear visibility against background
Quote Nodes,#FFC107,"rgb(255, 193, 7)",Notable quotes from episodes,High contrast yellow for visibility
Meaningful Unit Nodes,#607D8B,"rgb(96, 125, 139)",Semantic chunks from transcripts,Muted but distinct from other nodes
Topic Nodes,#795548,"rgb(121, 85, 72)",High-level discussion themes,Earth tone distinct from blues/greens
Background,#1a1a1a,"rgb(26, 26, 26)",Application background for dark theme,Provides good contrast foundation
Text/Labels,#FFFFFF,"rgb(255, 255, 255)",All text labels and annotations,Maximum contrast for readability
Edges/Connections,#666666,"rgb(102, 102, 102)",Connections between nodes,Subtle but visible connections
Hover States,#00BCD4,"rgb(0, 188, 212)",Interactive hover effects,Bright accent for interactions
Selection States,#E91E63,"rgb(233, 30, 99)",Selected/active node highlighting,Strong accent for selections
High Priority Nodes,#FF5722,"rgb(255, 87, 34)",Most important/frequent nodes,Vibrant for high importance
Medium Priority Nodes,#03A9F4,"rgb(3, 169, 244)",Moderately important nodes,Balanced prominence level
Low Priority Nodes,#9E9E9E,"rgb(158, 158, 158)",Less important/infrequent nodes,Understated for lower priority
